<?xml version="1.0" encoding="UTF-8"?>
<project-private xmlns="http://www.netbeans.org/ns/project-private/1">
    <editor-bookmarks xmlns="http://www.netbeans.org/ns/editor-bookmarks/2" lastBookmarkId="0"/>
    <open-files xmlns="http://www.netbeans.org/ns/projectui-open-files/2">
        <group>
            <file>file:/C:/Users/lab_services_student/Documents/NetBeansProjects/FinalTask2/src/finaltask2/LoginPart2.java</file>
            <file>file:/C:/Users/lab_services_student/Documents/NetBeansProjects/FinalTask2/src/finaltask2/Tasks.java</file>
            <file>file:/C:/Users/lab_services_student/Documents/NetBeansProjects/FinalTask2/test/finaltask2/LoginPart2NGTest.java</file>
            <file>file:/C:/Users/lab_services_student/Documents/NetBeansProjects/FinalTask2/src/finaltask2/RegisterPart2.java</file>
            <file>file:/C:/Users/lab_services_student/Documents/NetBeansProjects/FinalTask2/src/finaltask2/FinalTask2.java</file>
            <file>file:/C:/Users/lab_services_student/Documents/NetBeansProjects/FinalTask2/test/finaltask2/RegisterPart2NGTest.java</file>
        </group>
    </open-files>
</project-private>
